{
  "individual_models": {
    "random_forest": {
      "training": {
        "accuracy": 0.9996793330126663,
        "precision_weighted": 0.9996796679129142,
        "recall_weighted": 0.9996793330126663,
        "f1_score_weighted": 0.9996792718876483,
        "precision_macro": 0.9998508019395748,
        "recall_macro": 0.9994841387349531,
        "f1_score_macro": 0.9996671612006347,
        "per_class_metrics": {
          "cut": {
            "precision": 1.0,
            "recall": 1.0,
            "f1_score": 1.0,
            "support": 516
          },
          "drive": {
            "precision": 0.9989556135770234,
            "recall": 1.0,
            "f1_score": 0.9994775339602926,
            "support": 1913
          },
          "flick": {
            "precision": 1.0,
            "recall": 0.9974747474747475,
            "f1_score": 0.9987357774968395,
            "support": 396
          },
          "misc": {
            "precision": 1.0,
            "recall": 1.0,
            "f1_score": 1.0,
            "support": 900
          },
          "pull": {
            "precision": 1.0,
            "recall": 1.0,
            "f1_score": 1.0,
            "support": 1147
          },
          "slog": {
            "precision": 1.0,
            "recall": 0.998914223669924,
            "f1_score": 0.9994568169473113,
            "support": 921
          },
          "sweep": {
            "precision": 1.0,
            "recall": 1.0,
            "f1_score": 1.0,
            "support": 444
          }
        }
      },
      "testing": {
        "accuracy": 0.9551282051282052,
        "precision_weighted": 0.9576129363315171,
        "recall_weighted": 0.9551282051282052,
        "f1_score_weighted": 0.9551964273550925,
        "precision_macro": 0.9740977569721743,
        "recall_macro": 0.9415580822750719,
        "f1_score_macro": 0.9565269369152202,
        "per_class_metrics": {
          "cut": {
            "precision": 1.0,
            "recall": 0.9302325581395349,
            "f1_score": 0.963855421686747,
            "support": 129
          },
          "drive": {
            "precision": 0.9064885496183206,
            "recall": 0.9937238493723849,
            "f1_score": 0.9481037924151696,
            "support": 478
          },
          "flick": {
            "precision": 1.0,
            "recall": 0.8686868686868687,
            "f1_score": 0.9297297297297298,
            "support": 99
          },
          "misc": {
            "precision": 0.9511111111111111,
            "recall": 0.9511111111111111,
            "f1_score": 0.9511111111111111,
            "support": 225
          },
          "pull": {
            "precision": 0.9743589743589743,
            "recall": 0.926829268292683,
            "f1_score": 0.9500000000000001,
            "support": 287
          },
          "slog": {
            "precision": 0.9867256637168141,
            "recall": 0.9653679653679653,
            "f1_score": 0.975929978118162,
            "support": 231
          },
          "sweep": {
            "precision": 1.0,
            "recall": 0.954954954954955,
            "f1_score": 0.9769585253456221,
            "support": 111
          }
        }
      },
      "confusion_matrix": {
        "training": [
          [
            516,
            0,
            0,
            0,
            0,
            0,
            0
          ],
          [
            0,
            1913,
            0,
            0,
            0,
            0,
            0
          ],
          [
            0,
            1,
            395,
            0,
            0,
            0,
            0
          ],
          [
            0,
            0,
            0,
            900,
            0,
            0,
            0
          ],
          [
            0,
            0,
            0,
            0,
            1147,
            0,
            0
          ],
          [
            0,
            1,
            0,
            0,
            0,
            920,
            0
          ],
          [
            0,
            0,
            0,
            0,
            0,
            0,
            444
          ]
        ],
        "testing": [
          [
            120,
            6,
            0,
            3,
            0,
            0,
            0
          ],
          [
            0,
            475,
            0,
            0,
            3,
            0,
            0
          ],
          [
            0,
            6,
            86,
            3,
            4,
            0,
            0
          ],
          [
            0,
            8,
            0,
            214,
            0,
            3,
            0
          ],
          [
            0,
            19,
            0,
            2,
            266,
            0,
            0
          ],
          [
            0,
            8,
            0,
            0,
            0,
            223,
            0
          ],
          [
            0,
            2,
            0,
            3,
            0,
            0,
            106
          ]
        ]
      }
    },
    "xgboost": {
      "training": {
        "accuracy": 1.0,
        "precision_weighted": 1.0,
        "recall_weighted": 1.0,
        "f1_score_weighted": 1.0,
        "precision_macro": 1.0,
        "recall_macro": 1.0,
        "f1_score_macro": 1.0,
        "per_class_metrics": {
          "cut": {
            "precision": 1.0,
            "recall": 1.0,
            "f1_score": 1.0,
            "support": 516
          },
          "drive": {
            "precision": 1.0,
            "recall": 1.0,
            "f1_score": 1.0,
            "support": 1913
          },
          "flick": {
            "precision": 1.0,
            "recall": 1.0,
            "f1_score": 1.0,
            "support": 396
          },
          "misc": {
            "precision": 1.0,
            "recall": 1.0,
            "f1_score": 1.0,
            "support": 900
          },
          "pull": {
            "precision": 1.0,
            "recall": 1.0,
            "f1_score": 1.0,
            "support": 1147
          },
          "slog": {
            "precision": 1.0,
            "recall": 1.0,
            "f1_score": 1.0,
            "support": 921
          },
          "sweep": {
            "precision": 1.0,
            "recall": 1.0,
            "f1_score": 1.0,
            "support": 444
          }
        }
      },
      "testing": {
        "accuracy": 0.9653846153846154,
        "precision_weighted": 0.9661493577680884,
        "recall_weighted": 0.9653846153846154,
        "f1_score_weighted": 0.9653267527822389,
        "precision_macro": 0.9775714834817778,
        "recall_macro": 0.9593908902739928,
        "f1_score_macro": 0.9680122493629327,
        "per_class_metrics": {
          "cut": {
            "precision": 1.0,
            "recall": 0.9689922480620154,
            "f1_score": 0.9842519685039369,
            "support": 129
          },
          "drive": {
            "precision": 0.9405940594059405,
            "recall": 0.9937238493723849,
            "f1_score": 0.9664292980671413,
            "support": 478
          },
          "flick": {
            "precision": 1.0,
            "recall": 0.9191919191919192,
            "f1_score": 0.9578947368421054,
            "support": 99
          },
          "misc": {
            "precision": 0.972972972972973,
            "recall": 0.96,
            "f1_score": 0.9664429530201343,
            "support": 225
          },
          "pull": {
            "precision": 0.9637681159420289,
            "recall": 0.926829268292683,
            "f1_score": 0.9449378330373002,
            "support": 287
          },
          "slog": {
            "precision": 0.9656652360515021,
            "recall": 0.974025974025974,
            "f1_score": 0.9698275862068965,
            "support": 231
          },