{
  "training": {
    "accuracy": 1.0,
    "precision_weighted": 1.0,
    "recall_weighted": 1.0,
    "f1_score_weighted": 1.0,
    "precision_macro": 1.0,
    "recall_macro": 1.0,
    "f1_score_macro": 1.0,
    "per_class_metrics": {
      "cut": {
        "precision": 1.0,
        "recall": 1.0,
        "f1_score": 1.0,
        "support": 129
      },
      "drive": {
        "precision": 1.0,
        "recall": 1.0,
        "f1_score": 1.0,
        "support": 306
      },
      "flick": {
        "precision": 1.0,
        "recall": 1.0,
        "f1_score": 1.0,
        "support": 132
      },
      "misc": {
        "precision": 1.0,
        "recall": 1.0,
        "f1_score": 1.0,
        "support": 300
      },
      "pull": {
        "precision": 1.0,
        "recall": 1.0,
        "f1_score": 1.0,
        "support": 266
      },
      "slog": {
        "precision": 1.0,
        "recall": 1.0,
        "f1_score": 1.0,
        "support": 307
      },
      "sweep": {
        "precision": 1.0,
        "recall": 1.0,
        "f1_score": 1.0,
        "support": 97
      }
    }
  },
  "testing": {
    "accuracy": 0.1974025974025974,
    "precision_weighted": 0.17612488960315048,
    "recall_weighted": 0.1974025974025974,
    "f1_score_weighted": 0.17638574719415992,
    "precision_macro": 0.1498472541950803,
    "recall_macro": 0.1474615789327943,
    "f1_score_macro": 0.13419131560768102,
    "per_class_metrics": {
      "cut": {
        "precision": 0.0,
        "recall": 0.0,
        "f1_score": 0.0,
        "support": 32
      },
      "drive": {
        "precision": 0.23863636363636365,
        "recall": 0.2727272727272727,
        "f1_score": 0.2545454545454545,
        "support": 77
      },
      "flick": {
        "precision": 0.25,
        "recall": 0.030303030303030304,
        "f1_score": 0.054054054054054064,
        "support": 33
      },
      "misc": {
        "precision": 0.18269230769230768,
        "recall": 0.25333333333333335,
        "f1_score": 0.2122905027932961,
        "support": 75
      },
      "pull": {
        "precision": 0.15942028985507245,
        "recall": 0.16417910447761194,
        "f1_score": 0.16176470588235295,
        "support": 67
      },
      "slog": {
        "precision": 0.21818181818181817,
        "recall": 0.3116883116883117,
        "f1_score": 0.2566844919786096,
        "support": 77
      },
      "sweep": {
        "precision": 0.0,
        "recall": 0.0,
        "f1_score": 0.0,
        "support": 24
      }
    }
  },
  "confusion_matrix": {
    "training": [
      [
        129,
        0,
        0,
        0,
        0,
        0,
        0
      ],
      [
        0,
        306,
        0,
        0,
        0,
        0,
        0
      ],
      [
        0,
        0,
        132,
        0,
        0,
        0,
        0
      ],
      [
        0,
        0,
        0,
        300,
        0,
        0,
        0
      ],
      [
        0,
        0,
        0,
        0,
        266,
        0,
        0
      ],
      [
        0,
        0,
        0,
        0,
        0,
        307,
        0
      ],
      [
        0,
        0,
        0,
        0,
        0,
        0,
        97
      ]
    ],
    "testing": [
      [
        0,
        9,
        0,
        8,
        7,
        7,
        1
      ],
      [
        1,
        21,
        2,
        23,
        11,
        18,
        1
      ],
      [
        2,
        5,
        1,
        6,
        7,
        12,
        0
      ],
      [
        0,
        16,
        1,
        19,
        19,
        20,
        0
      ],
      [
        1,
        12,
        0,
        19,
        11,
        23,
        1
      ],
      [
        2,
        16,
        0,
        22,
        12,
        24,
        1
      ],
      [
        0,
        9,
        0,
        7,
        2,
        6,
        0
      ]
    ]
  },
  "cross_validation": {
    "mean_accuracy": 0.22380599856169886,
    "std_accuracy": 0.02243660605681281,
    "all_scores": [
      0.22077922077922077,
      0.237012987012987,
      0.247557003257329,
      0.23127035830618892,
      0.18241042345276873
    ]
  },
  "feature_importance": {
    "feature_0": 0.07977625220017255,
    "feature_1": 0.07982646535843788,
    "feature_2": 0.07518649248534254,
    "feature_3": 0.07820346309460874,
    "feature_4": 0.07917632251507391,
    "feature_5": 0.07693913084034194,
    "feature_6": 0.08224636700680438,
    "feature_7": 0.07969280606167946,
    "feature_8": 0.07129266778957094,
    "feature_9": 0.07019747160617236,
    "feature_10": 0.06583362486651176,
    "feature_11": 0.0773469676770709,
    "feature_12": 0.08428196849821257
  }
}